# Право записи канала реальной станции: вид объекта, поле, RW|RO.
# Выведено tools/station-config/DeriveRules.java из модели данных стенда
# (tools/build_data_model.py: запись — только команды и уставки; уставки приборов P_* —
# всегда RW, параметры станции — поля SYSTEM). Поле массива — без
# индекса, кроме RT_PAR_F линии (там индекс — разные параметры). Поля нет в таблице —
# канал только на чтение. Править можно руками: генератор читает этот файл.
# вид	поле	доступ
AI	M	RW
AI	ST	RO
AI	V	RO
AO	M	RW
AO	ST	RW
AO	V	RW
DI	M	RW
DI	ST	RO
DO	M	RW
DO	ST	RW
FQT	ABS_V	RO
FQT	F	RO
FQT	M	RW
FQT	P_CZ	RW
FQT	P_DT	RW
FQT	P_MAX_FLOW	RW
FQT	P_MIN_FLOW	RW
FQT	ST	RO
FQT	V	RO
FS	M	RW
FS	P_DT	RW
FS	ST	RO
HA	M	RW
HA	ST	RW
HL	M	RW
HL	ST	RW
LS	M	RW
LS	P_DT	RW
LS	P_ERR	RW
LS	ST	RO
LS	V	RO
LT	CLEVEL	RO
LT	M	RW
LT	P_CZ	RW
LT	P_ERR	RW
LT	P_H_CONE	RW
LT	P_MAX_P	RW
LT	P_R	RW
LT	V	RO
M	EST	RO
M	FRQ	RO
M	M	RW
M	P_ON_TIME	RW
M	R	RW
M	RPM	RO
M	ST	RW
M	V	RO
OBJECT	CMD	RW
OBJECT	CUR_PRG	RO
OBJECT	CUR_REC	RO
OBJECT	LOADED_REC	RO
OBJECT	OPER	RO
OBJECT	PAR_MAIN	RW
OBJECT	PAR_SELFCLEAN	RW
OBJECT	PRG_LIST	RO
OBJECT	REC_LIST	RO
OBJECT	REC_PAR	RW
OBJECT	RT_PAR_F[100]	RW
OBJECT	RT_PAR_F[101]	RW
OBJECT	RT_PAR_F[102]	RW
OBJECT	RT_PAR_F[103]	RW
OBJECT	RT_PAR_F[104]	RW
OBJECT	RT_PAR_F[105]	RW
OBJECT	RT_PAR_F[106]	RW
OBJECT	RT_PAR_F[107]	RW
OBJECT	RT_PAR_F[108]	RW
OBJECT	RT_PAR_F[109]	RW
OBJECT	RT_PAR_F[10]	RO
OBJECT	RT_PAR_F[110]	RW
OBJECT	RT_PAR_F[111]	RW
OBJECT	RT_PAR_F[112]	RW
OBJECT	RT_PAR_F[113]	RW
OBJECT	RT_PAR_F[114]	RW
OBJECT	RT_PAR_F[115]	RW
OBJECT	RT_PAR_F[116]	RW
OBJECT	RT_PAR_F[117]	RW
OBJECT	RT_PAR_F[118]	RW
OBJECT	RT_PAR_F[119]	RO
OBJECT	RT_PAR_F[11]	RO
OBJECT	RT_PAR_F[120]	RO
OBJECT	RT_PAR_F[121]	RO
OBJECT	RT_PAR_F[122]	RO
OBJECT	RT_PAR_F[123]	RO
OBJECT	RT_PAR_F[124]	RO
OBJECT	RT_PAR_F[125]	RO
OBJECT	RT_PAR_F[126]	RO
OBJECT	RT_PAR_F[127]	RO
OBJECT	RT_PAR_F[128]	RO
OBJECT	RT_PAR_F[129]	RO
OBJECT	RT_PAR_F[12]	RW
OBJECT	RT_PAR_F[130]	RO
OBJECT	RT_PAR_F[131]	RO
OBJECT	RT_PAR_F[132]	RO
OBJECT	RT_PAR_F[133]	RO
OBJECT	RT_PAR_F[134]	RO
OBJECT	RT_PAR_F[135]	RO
OBJECT	RT_PAR_F[136]	RO
OBJECT	RT_PAR_F[13]	RO
OBJECT	RT_PAR_F[14]	RW
OBJECT	RT_PAR_F[15]	RW
OBJECT	RT_PAR_F[16]	RW
OBJECT	RT_PAR_F[17]	RW
OBJECT	RT_PAR_F[18]	RW
OBJECT	RT_PAR_F[19]	RO
OBJECT	RT_PAR_F[1]	RO
OBJECT	RT_PAR_F[20]	RW
OBJECT	RT_PAR_F[21]	RW
OBJECT	RT_PAR_F[22]	RW
OBJECT	RT_PAR_F[23]	RW
OBJECT	RT_PAR_F[24]	RW
OBJECT	RT_PAR_F[25]	RW
OBJECT	RT_PAR_F[26]	RW
OBJECT	RT_PAR_F[27]	RW
OBJECT	RT_PAR_F[28]	RW
OBJECT	RT_PAR_F[29]	RW
OBJECT	RT_PAR_F[2]	RO
OBJECT	RT_PAR_F[30]	RW
OBJECT	RT_PAR_F[31]	RW
OBJECT	RT_PAR_F[32]	RW
OBJECT	RT_PAR_F[33]	RW
OBJECT	RT_PAR_F[34]	RW
OBJECT	RT_PAR_F[35]	RW
OBJECT	RT_PAR_F[36]	RW
OBJECT	RT_PAR_F[37]	RW
OBJECT	RT_PAR_F[38]	RW
OBJECT	RT_PAR_F[39]	RW
OBJECT	RT_PAR_F[3]	RO
OBJECT	RT_PAR_F[40]	RW
OBJECT	RT_PAR_F[41]	RW
OBJECT	RT_PAR_F[42]	RW
OBJECT	RT_PAR_F[43]	RW
OBJECT	RT_PAR_F[44]	RW
OBJECT	RT_PAR_F[45]	RW
OBJECT	RT_PAR_F[46]	RW
OBJECT	RT_PAR_F[47]	RO
OBJECT	RT_PAR_F[48]	RO
OBJECT	RT_PAR_F[49]	RW
OBJECT	RT_PAR_F[4]	RO
OBJECT	RT_PAR_F[50]	RW
OBJECT	RT_PAR_F[51]	RW
OBJECT	RT_PAR_F[52]	RW
OBJECT	RT_PAR_F[53]	RW
OBJECT	RT_PAR_F[54]	RW
OBJECT	RT_PAR_F[55]	RW
OBJECT	RT_PAR_F[56]	RW
OBJECT	RT_PAR_F[57]	RW
OBJECT	RT_PAR_F[58]	RW
OBJECT	RT_PAR_F[59]	RW
OBJECT	RT_PAR_F[5]	RO
OBJECT	RT_PAR_F[60]	RW
OBJECT	RT_PAR_F[61]	RW
OBJECT	RT_PAR_F[62]	RW
OBJECT	RT_PAR_F[63]	RW
OBJECT	RT_PAR_F[64]	RW
OBJECT	RT_PAR_F[65]	RW
OBJECT	RT_PAR_F[66]	RW
OBJECT	RT_PAR_F[67]	RW
OBJECT	RT_PAR_F[68]	RW
OBJECT	RT_PAR_F[69]	RW
OBJECT	RT_PAR_F[6]	RO
OBJECT	RT_PAR_F[70]	RW
OBJECT	RT_PAR_F[71]	RO
OBJECT	RT_PAR_F[72]	RW
OBJECT	RT_PAR_F[73]	RW
OBJECT	RT_PAR_F[74]	RW
OBJECT	RT_PAR_F[75]	RW
OBJECT	RT_PAR_F[76]	RW
OBJECT	RT_PAR_F[77]	RW
OBJECT	RT_PAR_F[78]	RW
OBJECT	RT_PAR_F[79]	RW
OBJECT	RT_PAR_F[7]	RO
OBJECT	RT_PAR_F[80]	RW
OBJECT	RT_PAR_F[81]	RW
OBJECT	RT_PAR_F[82]	RO
OBJECT	RT_PAR_F[83]	RW
OBJECT	RT_PAR_F[84]	RW
OBJECT	RT_PAR_F[85]	RW
OBJECT	RT_PAR_F[86]	RW
OBJECT	RT_PAR_F[87]	RW
OBJECT	RT_PAR_F[88]	RW
OBJECT	RT_PAR_F[89]	RW
OBJECT	RT_PAR_F[8]	RO
OBJECT	RT_PAR_F[90]	RW
OBJECT	RT_PAR_F[91]	RW
OBJECT	RT_PAR_F[92]	RW
OBJECT	RT_PAR_F[93]	RW
OBJECT	RT_PAR_F[94]	RW
OBJECT	RT_PAR_F[95]	RW
OBJECT	RT_PAR_F[96]	RW
OBJECT	RT_PAR_F[97]	RW
OBJECT	RT_PAR_F[98]	RW
OBJECT	RT_PAR_F[99]	RW
OBJECT	RT_PAR_F[9]	RO
OBJECT	STATE	RO
PT	M	RW
PT	P_CZ	RW
PT	P_MAX_V	RW
PT	P_MIN_V	RW
PT	ST	RO
PT	V	RO
QT	M	RW
QT	P_CZ	RW
QT	P_ERR	RW
QT	P_MAX_V	RW
QT	P_MIN_V	RW
QT	ST	RO
QT	T	RO
QT	V	RO
SB	M	RW
SB	ST	RO
SYSTEM	CMD	RW
SYSTEM	CMD_ANSWER	RO
SYSTEM	NODEENABLED	RO
SYSTEM	P_AUTO_PAUSE_OPER_ON_DEV_ERR	RW
SYSTEM	P_RESTRICTIONS_MANUAL_TIME	RW
SYSTEM	P_RESTRICTIONS_MODE	RW
SYSTEM	P_V_OFF_DELAY_TIME	RW
SYSTEM	UP_TIME	RO
SYSTEM	WASH_VALVE_LOWER_SEAT_TIME	RW
SYSTEM	WASH_VALVE_SEAT_PERIOD	RW
SYSTEM	WASH_VALVE_UPPER_SEAT_TIME	RW
TE	M	RW
TE	P_CZ	RW
TE	ST	RO
TE	V	RO
V	M	RW
V	P_ON_TIME	RW
V	ST	RW
VC	BLINK	RO
VC	CLOSED	RO
VC	M	RW
VC	NAMUR_ST	RO
VC	OPENED	RO
VC	ST	RW
VC	V	RO
