Группа (подтип драйвера);Поле;Каналов;Пример тега (без префикса Барановичи-1.BN1_MCA1.);Сейчас у шлюза (controllers.yaml);В архиве 11–15.06.2026;Предлагаемый тип;Почему;Уверенность;Исправление (заполнить);Комментарий
AI_M;M;9;AI_M.LINE3AI203.M;—;нет данных;INT32;признак ручного режима, в контроллере целое 0/1;средняя;;
AI_ST;ST;9;AI_ST.LINE1AI11.ST;—;нет данных;INT32;состояние прибора в ptusa — целое: отрицательные = ошибки, 0/1/2… = режимы, в архиве M.ST −100…1, WATCHDOG.ST −1/1;высокая;;
AI_V;V;9;AI_V.LINE1AI11.V;—;нет данных;FLOAT;аналоговое значение, в архиве дробные (TE 8…99, VC 0…99, M 0…100, PT, QT);высокая;;
AO_M;M;3;AO_M.LINE1AO11.M;—;нет данных;INT32;признак ручного режима, в контроллере целое 0/1;средняя;;
AO_ST;ST;1;AO_ST.LINE1AO11.ST;—;нет данных;INT32;состояние прибора в ptusa — целое: отрицательные = ошибки, 0/1/2… = режимы, в архиве M.ST −100…1, WATCHDOG.ST −1/1;высокая;;
AO_V;V;3;AO_V.LINE2AO1000.V;—;нет данных;FLOAT;аналоговое значение, в архиве дробные (TE 8…99, VC 0…99, M 0…100, PT, QT);высокая;;
DI_M;M;110;DI_M.LINE2DI515.M;FLOAT×40;нет данных;INT32;признак ручного режима, в контроллере целое 0/1;средняя;;
DI_P_DT;P_DT;4;DI_P_DT.CAB3DI1.P_DT;—;нет данных;FLOAT;параметр прибора — saved_params<float> (уставка, время, сдвиг нуля);средняя;;
DI_ST;ST;110;DI_ST.LINE1DI1111.ST;BOOLEAN×40;32 кан., 1768 зап., 0 … 1, только целые, разных 2;INT32;состояние прибора в ptusa — целое: отрицательные = ошибки, 0/1/2… = режимы, в архиве M.ST −100…1, WATCHDOG.ST −1/1;высокая;;
DO_M;M;132;DO_M.LINE3DO13.M;FLOAT×29;нет данных;INT32;признак ручного режима, в контроллере целое 0/1;средняя;;
DO_ST;ST;132;DO_ST.LINE1DO3.ST;BOOLEAN×26,FLOAT×3;27 кан., 3609 зап., 0 … 1, только целые, разных 2;INT32;состояние прибора в ptusa — целое: отрицательные = ошибки, 0/1/2… = режимы, в архиве M.ST −100…1, WATCHDOG.ST −1/1;высокая;;
FQT_ABS_V;ABS_V;7;FQT_ABS_V.LINE3FQT1.ABS_V;—;нет данных;FLOAT;измеряемая величина (расход, счётчик, уровень, частота, ток, напряжение, температура);средняя;;
FQT_DAY_T1;DAY_T1;4;FQT_DAY_T1.LINE3FQT1.DAY_T1;—;нет данных;FLOAT;измеряемая величина (расход, счётчик, уровень, частота, ток, напряжение, температура);средняя;;
FQT_DAY_T2;DAY_T2;4;FQT_DAY_T2.FQT1.DAY_T2;—;нет данных;FLOAT;измеряемая величина (расход, счётчик, уровень, частота, ток, напряжение, температура);средняя;;
FQT_F;F;7;FQT_F.LINE5FQT1.F;—;3 кан., 49073 зап., 0 … 68,1, есть дробные;FLOAT;измеряемая величина (расход, счётчик, уровень, частота, ток, напряжение, температура);средняя;;
FQT_M;M;7;FQT_M.LINE1FQT1.M;—;нет данных;INT32;признак ручного режима, в контроллере целое 0/1;средняя;;
FQT_P_CZ;P_CZ;7;FQT_P_CZ.LINE6FQT1.P_CZ;—;нет данных;FLOAT;параметр прибора — saved_params<float> (уставка, время, сдвиг нуля);средняя;;
FQT_P_DT;P_DT;7;FQT_P_DT.FQT1.P_DT;—;нет данных;FLOAT;параметр прибора — saved_params<float> (уставка, время, сдвиг нуля);средняя;;
FQT_P_ERR_MIN_FLOW;P_ERR_MIN_FLOW;4;FQT_P_ERR_MIN_FLOW.FQT1.P_ERR_MIN_FLOW;—;нет данных;FLOAT;параметр прибора — saved_params<float> (уставка, время, сдвиг нуля);средняя;;
FQT_P_MAX_FLOW;P_MAX_FLOW;7;FQT_P_MAX_FLOW.LINE6FQT1.P_MAX_FLOW;—;нет данных;FLOAT;параметр прибора — saved_params<float> (уставка, время, сдвиг нуля);средняя;;
FQT_P_MIN_FLOW;P_MIN_FLOW;7;FQT_P_MIN_FLOW.LINE3FQT1.P_MIN_FLOW;—;нет данных;FLOAT;параметр прибора — saved_params<float> (уставка, время, сдвиг нуля);средняя;;
FQT_PREV_DAY_T1;PREV_DAY_T1;4;FQT_PREV_DAY_T1.LINE2FQT1.PREV_DAY_T1;—;нет данных;FLOAT;измеряемая величина (расход, счётчик, уровень, частота, ток, напряжение, температура);средняя;;
FQT_PREV_DAY_T2;PREV_DAY_T2;4;FQT_PREV_DAY_T2.FQT1.PREV_DAY_T2;—;нет данных;FLOAT;измеряемая величина (расход, счётчик, уровень, частота, ток, напряжение, температура);средняя;;
FQT_ST;ST;7;FQT_ST.LINE2FQT1.ST;—;нет данных;INT32;состояние прибора в ptusa — целое: отрицательные = ошибки, 0/1/2… = режимы, в архиве M.ST −100…1, WATCHDOG.ST −1/1;высокая;;
FQT_T;T;1;FQT_T.FQT1.T;—;нет данных;FLOAT;измеряемая величина (расход, счётчик, уровень, частота, ток, напряжение, температура);средняя;;
FQT_V;V;7;FQT_V.LINE3FQT1.V;FLOAT×1;нет данных;FLOAT;аналоговое значение, в архиве дробные (TE 8…99, VC 0…99, M 0…100, PT, QT);высокая;;
FS_M;M;6;FS_M.LINE4FS1.M;FLOAT×6;нет данных;INT32;признак ручного режима, в контроллере целое 0/1;средняя;;
FS_P_DT;P_DT;3;FS_P_DT.LINE3FS1.P_DT;FLOAT×1;нет данных;FLOAT;параметр прибора — saved_params<float> (уставка, время, сдвиг нуля);средняя;;
FS_ST;ST;6;FS_ST.LINE3FS1.ST;BOOLEAN×6;3 кан., 4659 зап., 0 … 1, только целые, разных 2;INT32;состояние прибора в ptusa — целое: отрицательные = ошибки, 0/1/2… = режимы, в архиве M.ST −100…1, WATCHDOG.ST −1/1;высокая;;
G_ERR;ERR;3;G_ERR.CAB2G1.ERR;—;нет данных;INT32;дискретный признак/код состояния, в контроллере целое;средняя;;
G_M;M;3;G_M.CAB2G1.M;—;нет данных;INT32;признак ручного режима, в контроллере целое 0/1;средняя;;
G_OUT_POWER_N;OUT_POWER_90;3;G_OUT_POWER_90.CAB1G1.OUT_POWER_90;—;нет данных;FLOAT;измеряемая величина (расход, счётчик, уровень, частота, ток, напряжение, температура);средняя;;
G_ST;ST;3;G_ST.CAB3G1.ST;—;нет данных;INT32;состояние прибора в ptusa — целое: отрицательные = ошибки, 0/1/2… = режимы, в архиве M.ST −100…1, WATCHDOG.ST −1/1;высокая;;
G_SUM_CURRENTS;SUM_CURRENTS;3;G_SUM_CURRENTS.CAB1G1.SUM_CURRENTS;—;нет данных;FLOAT;измеряемая величина (расход, счётчик, уровень, частота, ток, напряжение, температура);средняя;;
G_V;V;3;G_V.CAB3G1.V;—;нет данных;FLOAT;аналоговое значение, в архиве дробные (TE 8…99, VC 0…99, M 0…100, PT, QT);высокая;;
G_VOLTAGE;VOLTAGE;3;G_VOLTAGE.CAB1G1.VOLTAGE;—;нет данных;FLOAT;измеряемая величина (расход, счётчик, уровень, частота, ток, напряжение, температура);средняя;;
HA_M;M;2;HA_M.HA1.M;FLOAT×2;нет данных;INT32;признак ручного режима, в контроллере целое 0/1;средняя;;
HA_ST;ST;2;HA_ST.H1HA1.ST;BOOLEAN×2;нет данных;INT32;состояние прибора в ptusa — целое: отрицательные = ошибки, 0/1/2… = режимы, в архиве M.ST −100…1, WATCHDOG.ST −1/1;высокая;;
HL_M;M;2;HL_M.HL3.M;FLOAT×2;нет данных;INT32;признак ручного режима, в контроллере целое 0/1;средняя;;
HL_ST;ST;2;HL_ST.H1HL1.ST;BOOLEAN×2;нет данных;INT32;состояние прибора в ptusa — целое: отрицательные = ошибки, 0/1/2… = режимы, в архиве M.ST −100…1, WATCHDOG.ST −1/1;высокая;;
HLA_L_RED;L_RED;1;HLA_L_RED.CAB1HLA1.L_RED;—;нет данных;INT32;дискретный признак/код состояния, в контроллере целое;средняя;;
HLA_L_SIREN;L_SIREN;1;HLA_L_SIREN.CAB1HLA1.L_SIREN;—;нет данных;INT32;дискретный признак/код состояния, в контроллере целое;средняя;;
HLA_M;M;1;HLA_M.CAB1HLA1.M;—;нет данных;INT32;признак ручного режима, в контроллере целое 0/1;средняя;;
HLA_ST;ST;1;HLA_ST.CAB1HLA1.ST;—;нет данных;INT32;состояние прибора в ptusa — целое: отрицательные = ошибки, 0/1/2… = режимы, в архиве M.ST −100…1, WATCHDOG.ST −1/1;высокая;;
LS_M;M;24;LS_M.LS8.M;FLOAT×24;нет данных;INT32;признак ручного режима, в контроллере целое 0/1;средняя;;
LS_P_DT;P_DT;15;LS_P_DT.LINE3LS2.P_DT;FLOAT×9;нет данных;FLOAT;параметр прибора — saved_params<float> (уставка, время, сдвиг нуля);средняя;;
LS_P_ERR;P_ERR;15;LS_P_ERR.LINE1LS3.P_ERR;FLOAT×9;нет данных;FLOAT;параметр прибора — saved_params<float> (уставка, время, сдвиг нуля);средняя;;
LS_ST;ST;24;LS_ST.LINE5LS3.ST;FLOAT×1,BOOLEAN×23;10 кан., 17142 зап., 0 … 1, только целые, разных 2;INT32;состояние прибора в ptusa — целое: отрицательные = ошибки, 0/1/2… = режимы, в архиве M.ST −100…1, WATCHDOG.ST −1/1;высокая;;
LS_V;V;15;LS_V.LINE3LS2.V;FLOAT×9;нет данных;FLOAT;аналоговое значение, в архиве дробные (TE 8…99, VC 0…99, M 0…100, PT, QT);высокая;;
LT_CLEVEL;CLEVEL;3;LT_CLEVEL.LT3.CLEVEL;—;3 кан., 45077 зап., 20 … 7950, только целые, разных >40;FLOAT;измеряемая величина (расход, счётчик, уровень, частота, ток, напряжение, температура);средняя;;
LT_M;M;3;LT_M.LT1.M;—;нет данных;INT32;признак ручного режима, в контроллере целое 0/1;средняя;;
LT_P_CZ;P_CZ;3;LT_P_CZ.LT1.P_CZ;—;нет данных;FLOAT;параметр прибора — saved_params<float> (уставка, время, сдвиг нуля);средняя;;
LT_P_ERR;P_ERR;3;LT_P_ERR.LT1.P_ERR;—;нет данных;FLOAT;параметр прибора — saved_params<float> (уставка, время, сдвиг нуля);средняя;;
LT_P_H_CONE;P_H_CONE;3;LT_P_H_CONE.LT3.P_H_CONE;—;нет данных;FLOAT;параметр прибора — saved_params<float> (уставка, время, сдвиг нуля);средняя;;
LT_P_MAX_P;P_MAX_P;3;LT_P_MAX_P.LT3.P_MAX_P;—;нет данных;FLOAT;параметр прибора — saved_params<float> (уставка, время, сдвиг нуля);средняя;;
LT_P_R;P_R;3;LT_P_R.LT2.P_R;—;нет данных;FLOAT;параметр прибора — saved_params<float> (уставка, время, сдвиг нуля);средняя;;
LT_V;V;3;LT_V.LT1.V;—;нет данных;FLOAT;аналоговое значение, в архиве дробные (TE 8…99, VC 0…99, M 0…100, PT, QT);высокая;;
M_EST;EST;3;M_EST.LINE1M1.EST;FLOAT×1;нет данных;INT32;дискретный признак/код состояния, в контроллере целое;средняя;;
M_FRQ;FRQ;3;M_FRQ.LINE1M1.FRQ;FLOAT×1;нет данных;FLOAT;измеряемая величина (расход, счётчик, уровень, частота, ток, напряжение, температура);средняя;;
M_M;M;12;M_M.M103.M;FLOAT×12;нет данных;INT32;признак ручного режима, в контроллере целое 0/1;средняя;;
M_P_ON_TIME;P_ON_TIME;12;M_P_ON_TIME.LINE2M1002.P_ON_TIME;FLOAT×12;нет данных;FLOAT;параметр прибора — saved_params<float> (уставка, время, сдвиг нуля);средняя;;
M_R;R;3;M_R.LINE3M1.R;BOOLEAN×1;нет данных;INT32;дискретный признак/код состояния, в контроллере целое;средняя;;
M_RPM;RPM;3;M_RPM.LINE1M1.RPM;FLOAT×1;нет данных;FLOAT;измеряемая величина (расход, счётчик, уровень, частота, ток, напряжение, температура);средняя;;
M_ST;ST;12;M_ST.LINE4M1.ST;BOOLEAN×12;3 кан., 2847 зап., -100 … 1, только целые, разных 4;INT32;состояние прибора в ptusa — целое: отрицательные = ошибки, 0/1/2… = режимы, в архиве M.ST −100…1, WATCHDOG.ST −1/1;высокая;;
M_V;V;10;M_V.LINE4M1.V;FLOAT×10;3 кан., 32650 зап., 0 … 100, есть дробные;FLOAT;аналоговое значение, в архиве дробные (TE 8…99, VC 0…99, M 0…100, PT, QT);высокая;;
PT_M;M;6;PT_M.LINE6PT1.M;—;нет данных;INT32;признак ручного режима, в контроллере целое 0/1;средняя;;
PT_P_CZ;P_CZ;6;PT_P_CZ.LINE2PT1.P_CZ;—;нет данных;FLOAT;параметр прибора — saved_params<float> (уставка, время, сдвиг нуля);средняя;;
PT_P_ERR;P_ERR;3;PT_P_ERR.LINE3PT1.P_ERR;—;нет данных;FLOAT;параметр прибора — saved_params<float> (уставка, время, сдвиг нуля);средняя;;
PT_P_MAX_V;P_MAX_V;6;PT_P_MAX_V.LINE3PT1.P_MAX_V;—;нет данных;FLOAT;параметр прибора — saved_params<float> (уставка, время, сдвиг нуля);средняя;;
PT_P_MIN_V;P_MIN_V;6;PT_P_MIN_V.LINE2PT1.P_MIN_V;—;нет данных;FLOAT;параметр прибора — saved_params<float> (уставка, время, сдвиг нуля);средняя;;
PT_ST;ST;6;PT_ST.LINE3PT1.ST;—;нет данных;INT32;состояние прибора в ptusa — целое: отрицательные = ошибки, 0/1/2… = режимы, в архиве M.ST −100…1, WATCHDOG.ST −1/1;высокая;;
PT_V;V;6;PT_V.LINE2PT1.V;—;3 кан., 18543 зап., -0,79 … 32,76, есть дробные;FLOAT;аналоговое значение, в архиве дробные (TE 8…99, VC 0…99, M 0…100, PT, QT);высокая;;
QT_M;M;6;QT_M.LINE6QT1.M;—;нет данных;INT32;признак ручного режима, в контроллере целое 0/1;средняя;;
QT_P_CZ;P_CZ;6;QT_P_CZ.LINE4QT1.P_CZ;—;нет данных;FLOAT;параметр прибора — saved_params<float> (уставка, время, сдвиг нуля);средняя;;
QT_P_ERR;P_ERR;3;QT_P_ERR.LINE2QT1.P_ERR;—;нет данных;FLOAT;параметр прибора — saved_params<float> (уставка, время, сдвиг нуля);средняя;;
QT_P_MAX_V;P_MAX_V;6;QT_P_MAX_V.LINE1QT1.P_MAX_V;—;нет данных;FLOAT;параметр прибора — saved_params<float> (уставка, время, сдвиг нуля);средняя;;
QT_P_MIN_V;P_MIN_V;6;QT_P_MIN_V.LINE2QT1.P_MIN_V;—;нет данных;FLOAT;параметр прибора — saved_params<float> (уставка, время, сдвиг нуля);средняя;;
QT_ST;ST;6;QT_ST.LINE1QT1.ST;—;нет данных;INT32;состояние прибора в ptusa — целое: отрицательные = ошибки, 0/1/2… = режимы, в архиве M.ST −100…1, WATCHDOG.ST −1/1;высокая;;
QT_T;T;6;QT_T.LINE4QT1.T;—;нет данных;FLOAT;измеряемая величина (расход, счётчик, уровень, частота, ток, напряжение, температура);средняя;;
QT_V;V;6;QT_V.LINE6QT1.V;—;3 кан., 20271 зап., 0,01 … 1000, есть дробные;FLOAT;аналоговое значение, в архиве дробные (TE 8…99, VC 0…99, M 0…100, PT, QT);высокая;;
SB_M;M;5;SB_M.CAB1SB1.M;FLOAT×5;нет данных;INT32;признак ручного режима, в контроллере целое 0/1;средняя;;
SB_P_DT;P_DT;3;SB_P_DT.CAB1SB1.P_DT;—;нет данных;FLOAT;параметр прибора — saved_params<float> (уставка, время, сдвиг нуля);средняя;;
SB_ST;ST;5;SB_ST.CAB1SB1.ST;BOOLEAN×5;нет данных;INT32;состояние прибора в ptusa — целое: отрицательные = ошибки, 0/1/2… = режимы, в архиве M.ST −100…1, WATCHDOG.ST −1/1;высокая;;
SYSTEM;CMD;2;SYSTEM.CMD;—;нет данных;INT32;код команды контроллеру;средняя;;
SYSTEM;CMD_ANSWER;2;SYSTEM.CMD_ANSWER;—;нет данных;STRING;в базе каналов помечен «Строковый»;высокая;;
SYSTEM;NODEENABLED[*];12;SYSTEM.NODEENABLED[5];—;нет данных;INT32;флаг включения узла IO (0/1);средняя;;
SYSTEM;P_AUTO_PAUSE_OPER_ON_DEV_ERR;2;SYSTEM.SYSTEM.P_AUTO_PAUSE_OPER_ON_DEV_ERR;—;нет данных;INT32;системный параметр PAC (u_int);низкая;;
SYSTEM;P_RESTRICTIONS_MANUAL_TIME;2;SYSTEM.P_RESTRICTIONS_MANUAL_TIME;—;нет данных;INT32;системный параметр PAC (u_int);низкая;;
SYSTEM;P_RESTRICTIONS_MODE;2;SYSTEM.SYSTEM.P_RESTRICTIONS_MODE;—;нет данных;INT32;системный параметр PAC (u_int);низкая;;
SYSTEM;P_V_OFF_DELAY_TIME;1;SYSTEM.P_V_OFF_DELAY_TIME;—;нет данных;INT32;системный параметр PAC (u_int);низкая;;
SYSTEM;UP_TIME;2;SYSTEM.SYSTEM.UP_TIME;—;нет данных;STRING;в базе каналов помечен «Строковый» (время работы текстом);высокая;;
SYSTEM;VERSION;1;SYSTEM.SYSTEM.VERSION;—;нет данных;INT32;системный параметр PAC (u_int);низкая;;
SYSTEM;WASH_VALVE_LOWER_SEAT_TIME;2;SYSTEM.WASH_VALVE_LOWER_SEAT_TIME;—;нет данных;INT32;системный параметр PAC (u_int);низкая;;
SYSTEM;WASH_VALVE_SEAT_PERIOD;2;SYSTEM.SYSTEM.WASH_VALVE_SEAT_PERIOD;—;нет данных;INT32;системный параметр PAC (u_int);низкая;;
SYSTEM;WASH_VALVE_UPPER_SEAT_TIME;2;SYSTEM.WASH_VALVE_UPPER_SEAT_TIME;—;нет данных;INT32;системный параметр PAC (u_int);низкая;;
TE_M;M;12;TE_M.LINE2TE1.M;—;нет данных;INT32;признак ручного режима, в контроллере целое 0/1;средняя;;
TE_P_CZ;P_CZ;12;TE_P_CZ.LINE5TE1.P_CZ;—;нет данных;FLOAT;параметр прибора — saved_params<float> (уставка, время, сдвиг нуля);средняя;;
TE_ST;ST;6;TE_ST.LINE1TE1.ST;—;нет данных;INT32;состояние прибора в ptusa — целое: отрицательные = ошибки, 0/1/2… = режимы, в архиве M.ST −100…1, WATCHDOG.ST −1/1;высокая;;
TE_V;V;12;TE_V.LINE2TE2.V;FLOAT×1;6 кан., 90713 зап., -3276,7 … 3225,6, есть дробные;FLOAT;аналоговое значение, в архиве дробные (TE 8…99, VC 0…99, M 0…100, PT, QT);высокая;;
V_M;M;13;V_M.LINE2V1006.M;FLOAT×155;нет данных;INT32;признак ручного режима, в контроллере целое 0/1;средняя;;
V_M_N;M;155;V_M_3.LINE3V5.M;FLOAT×155;нет данных;INT32;признак ручного режима, в контроллере целое 0/1;средняя;;
V_ST;ST;13;V_ST.LINE3V1007.ST;BOOLEAN×155;53 кан., 25120 зап., 0 … 1, только целые, разных 2;INT32;состояние прибора в ptusa — целое: отрицательные = ошибки, 0/1/2… = режимы, в архиве M.ST −100…1, WATCHDOG.ST −1/1;высокая;;
V_ST_N;ST;155;V_ST_4.LINE4V15.ST;BOOLEAN×155;53 кан., 25120 зап., 0 … 1, только целые, разных 2;INT32;состояние прибора в ptusa — целое: отрицательные = ошибки, 0/1/2… = режимы, в архиве M.ST −100…1, WATCHDOG.ST −1/1;высокая;;
VC_BLINK;BLINK;3;VC_BLINK.LINE2VC14.BLINK;FLOAT×2,BOOLEAN×1;нет данных;INT32;дискретный признак/код состояния, в контроллере целое;средняя;;
VC_CLOSED;CLOSED;3;VC_CLOSED.LINE3VC14.CLOSED;FLOAT×2,BOOLEAN×1;нет данных;INT32;дискретный признак/код состояния, в контроллере целое;средняя;;
VC_M;M;6;VC_M.LINE5VC14.M;FLOAT×6;нет данных;INT32;признак ручного режима, в контроллере целое 0/1;средняя;;
VC_NAMUR_ST;NAMUR_ST;3;VC_NAMUR_ST.LINE1VC14.NAMUR_ST;FLOAT×2,BOOLEAN×1;нет данных;INT32;дискретный признак/код состояния, в контроллере целое;средняя;;
VC_OPENED;OPENED;3;VC_OPENED.LINE1VC14.OPENED;FLOAT×2,BOOLEAN×1;нет данных;INT32;дискретный признак/код состояния, в контроллере целое;средняя;;
VC_ST;ST;6;VC_ST.LINE2VC14.ST;BOOLEAN×6;нет данных;INT32;состояние прибора в ptusa — целое: отрицательные = ошибки, 0/1/2… = режимы, в архиве M.ST −100…1, WATCHDOG.ST −1/1;высокая;;
VC_V;V;6;VC_V.LINE1VC14.V;FLOAT×6;3 кан., 42795 зап., -2,31 … 98,93, есть дробные;FLOAT;аналоговое значение, в архиве дробные (TE 8…99, VC 0…99, M 0…100, PT, QT);высокая;;
WATCHDOG_M;M;10;WATCHDOG_M.LINE2WATCHDOG12.M;—;нет данных;INT32;признак ручного режима, в контроллере целое 0/1;средняя;;
WATCHDOG_P_T_ERR;P_T_ERR;10;WATCHDOG_P_T_ERR.LINE1WATCHDOG101.P_T_ERR;—;нет данных;FLOAT;параметр прибора — saved_params<float> (уставка, время, сдвиг нуля);средняя;;
WATCHDOG_P_T_GEN;P_T_GEN;10;WATCHDOG_P_T_GEN.LINE2WATCHDOG101.P_T_GEN;—;нет данных;FLOAT;параметр прибора — saved_params<float> (уставка, время, сдвиг нуля);средняя;;
WATCHDOG_ST;ST;10;WATCHDOG_ST.LINE1WATCHDOG101.ST;—;3 кан., 8 зап., -1 … 1, только целые, разных 2;INT32;состояние прибора в ptusa — целое: отрицательные = ошибки, 0/1/2… = режимы, в архиве M.ST −100…1, WATCHDOG.ST −1/1;высокая;;
Параметры_линии_N;RT_PAR_F[*];708;Параметры_линии_4.OBJECT4.RT_PAR_F[10];—;9 кан., 80521 зап., 0 … 6418, есть дробные;FLOAT;параметры объекта в контроллере — saved_params<float> / run_time_params_float, в архиве дробные;высокая;;
Параметры_самоочистки_станции;PAR_SELFCLEAN[*];19;Параметры_самоочистки_станции.OBJECT1.PAR_SELFCLEAN[2];—;нет данных;FLOAT;параметры объекта в контроллере — saved_params<float> / run_time_params_float, в архиве дробные;высокая;;
Параметры_станции;P_V_OFF_DELAY_TIME;1;Параметры_станции.SYSTEM.P_V_OFF_DELAY_TIME;—;нет данных;INT32;системный параметр PAC (u_int), время в мс;низкая;;
Параметры_станции;PAR_MAIN[*];4;Параметры_станции.OBJECT1.PAR_MAIN[7];—;нет данных;FLOAT;параметры объекта в контроллере — saved_params<float> / run_time_params_float, в архиве дробные;высокая;;
Параметры_станции;PAR_MAIN[*].P_ALFK;1;Параметры_станции.OBJECT1.PAR_MAIN[11].P_ALFK;—;нет данных;FLOAT;параметры объекта в контроллере — saved_params<float> / run_time_params_float, в архиве дробные;высокая;;
Параметры_станции;PAR_MAIN[*].P_ALFS;1;Параметры_станции.OBJECT1.PAR_MAIN[12].P_ALFS;—;нет данных;FLOAT;параметры объекта в контроллере — saved_params<float> / run_time_params_float, в архиве дробные;высокая;;
Параметры_станции;PAR_MAIN[*].P_CKANAL_K;1;Параметры_станции.OBJECT1.PAR_MAIN[6].P_CKANAL_K;—;нет данных;FLOAT;параметры объекта в контроллере — saved_params<float> / run_time_params_float, в архиве дробные;высокая;;
Параметры_станции;PAR_MAIN[*].P_CKANAL_S;1;Параметры_станции.OBJECT1.PAR_MAIN[3].P_CKANAL_S;—;нет данных;FLOAT;параметры объекта в контроллере — saved_params<float> / run_time_params_float, в архиве дробные;высокая;;
Параметры_станции;PAR_MAIN[*].P_CMIN_K;1;Параметры_станции.OBJECT1.PAR_MAIN[5].P_CMIN_K;—;нет данных;FLOAT;параметры объекта в контроллере — saved_params<float> / run_time_params_float, в архиве дробные;высокая;;
Параметры_станции;PAR_MAIN[*].P_CMIN_S;1;Параметры_станции.OBJECT1.PAR_MAIN[2].P_CMIN_S;—;нет данных;FLOAT;параметры объекта в контроллере — saved_params<float> / run_time_params_float, в архиве дробные;высокая;;
Параметры_станции;PAR_MAIN[*].P_CONC25K;1;Параметры_станции.OBJECT1.PAR_MAIN[19].P_CONC25K;—;нет данных;FLOAT;параметры объекта в контроллере — saved_params<float> / run_time_params_float, в архиве дробные;высокая;;
Параметры_станции;PAR_MAIN[*].P_CONC25S;1;Параметры_станции.OBJECT1.PAR_MAIN[17].P_CONC25S;—;нет данных;FLOAT;параметры объекта в контроллере — saved_params<float> / run_time_params_float, в архиве дробные;высокая;;
Параметры_станции;PAR_MAIN[*].P_CZAD_K;1;Параметры_станции.OBJECT1.PAR_MAIN[4].P_CZAD_K;—;нет данных;FLOAT;параметры объекта в контроллере — saved_params<float> / run_time_params_float, в архиве дробные;высокая;;
Параметры_станции;PAR_MAIN[*].P_CZAD_S;1;Параметры_станции.OBJECT1.PAR_MAIN[1].P_CZAD_S;—;нет данных;FLOAT;параметры объекта в контроллере — saved_params<float> / run_time_params_float, в архиве дробные;высокая;;
Параметры_станции;PAR_MAIN[*].P_FLOW_RR;1;Параметры_станции.OBJECT1.PAR_MAIN[30].P_FLOW_RR;—;нет данных;FLOAT;параметры объекта в контроллере — saved_params<float> / run_time_params_float, в архиве дробные;высокая;;
Параметры_станции;PAR_MAIN[*].P_K_S;1;Параметры_станции.OBJECT1.PAR_MAIN[13].P_K_S;—;нет данных;FLOAT;параметры объекта в контроллере — saved_params<float> / run_time_params_float, в архиве дробные;высокая;;
Параметры_станции;PAR_MAIN[*].P_K_К;1;Параметры_станции.OBJECT1.PAR_MAIN[14].P_K_К;—;нет данных;FLOAT;параметры объекта в контроллере — saved_params<float> / run_time_params_float, в архиве дробные;высокая;;
Параметры_станции;PAR_MAIN[*].P_MAX_BULK_FOR_ACID;1;Параметры_станции.OBJECT1.PAR_MAIN[32].P_MAX_BULK_FOR_ACID;—;нет данных;FLOAT;параметры объекта в контроллере — saved_params<float> / run_time_params_float, в архиве дробные;высокая;;
Параметры_станции;PAR_MAIN[*].P_MAX_BULK_FOR_CAUSTIC;1;Параметры_станции.OBJECT1.PAR_MAIN[31].P_MAX_BULK_FOR_CAUSTIC;—;нет данных;FLOAT;параметры объекта в контроллере — saved_params<float> / run_time_params_float, в архиве дробные;высокая;;
Параметры_станции;PAR_MAIN[*].P_MS25K;2;Параметры_станции.OBJECT1.PAR_MAIN[20].P_MS25K;—;нет данных;FLOAT;параметры объекта в контроллере — saved_params<float> / run_time_params_float, в архиве дробные;высокая;;
Параметры_станции;PAR_MAIN[*].P_MS25W;1;Параметры_станции.OBJECT1.PAR_MAIN[21].P_MS25W;—;нет данных;FLOAT;параметры объекта в контроллере — saved_params<float> / run_time_params_float, в архиве дробные;высокая;;
Параметры_станции;PAR_MAIN[*].P_PDNK;1;Параметры_станции.OBJECT1.PAR_MAIN[28].P_PDNK;—;нет данных;FLOAT;параметры объекта в контроллере — saved_params<float> / run_time_params_float, в архиве дробные;высокая;;
Параметры_станции;PAR_MAIN[*].P_PDNS;1;Параметры_станции.OBJECT1.PAR_MAIN[29].P_PDNS;—;нет данных;FLOAT;параметры объекта в контроллере — saved_params<float> / run_time_params_float, в архиве дробные;высокая;;
Параметры_станции;PAR_MAIN[*].P_RO_S;1;Параметры_станции.OBJECT1.PAR_MAIN[15].P_RO_S;—;нет данных;FLOAT;параметры объекта в контроллере — saved_params<float> / run_time_params_float, в архиве дробные;высокая;;
Параметры_станции;PAR_MAIN[*].P_RO_SK;1;Параметры_станции.OBJECT1.PAR_MAIN[16].P_RO_SK;—;нет данных;FLOAT;параметры объекта в контроллере — saved_params<float> / run_time_params_float, в архиве дробные;высокая;;
Параметры_станции;PAR_MAIN[*].P_T_RR;1;Параметры_станции.OBJECT1.PAR_MAIN[24].P_T_RR;—;нет данных;FLOAT;параметры объекта в контроллере — saved_params<float> / run_time_params_float, в архиве дробные;высокая;;
Параметры_станции;PAR_MAIN[*].P_TM_CHKC;1;Параметры_станции.OBJECT1.PAR_MAIN[22].P_TM_CHKC;—;нет данных;FLOAT;параметры объекта в контроллере — saved_params<float> / run_time_params_float, в архиве дробные;высокая;;
Параметры_станции;PAR_MAIN[*].P_TM_CIRC_RR;1;Параметры_станции.OBJECT1.PAR_MAIN[23].P_TM_CIRC_RR;—;нет данных;FLOAT;параметры объекта в контроллере — saved_params<float> / run_time_params_float, в архиве дробные;высокая;;
Параметры_станции;PAR_MAIN[*].P_VTANKK;1;Параметры_станции.OBJECT1.PAR_MAIN[26].P_VTANKK;—;нет данных;FLOAT;параметры объекта в контроллере — saved_params<float> / run_time_params_float, в архиве дробные;высокая;;
Параметры_станции;PAR_MAIN[*].P_VTANKS;1;Параметры_станции.OBJECT1.PAR_MAIN[25].P_VTANKS;—;нет данных;FLOAT;параметры объекта в контроллере — saved_params<float> / run_time_params_float, в архиве дробные;высокая;;
Параметры_станции;PAR_MAIN[*].P_VTANKW;1;Параметры_станции.OBJECT1.PAR_MAIN[27].P_VTANKW;—;нет данных;FLOAT;параметры объекта в контроллере — saved_params<float> / run_time_params_float, в архиве дробные;высокая;;
Параметры_станции;PAR_MAIN[*].P33;1;Параметры_станции.OBJECT1.PAR_MAIN[33].P33;—;нет данных;FLOAT;параметры объекта в контроллере — saved_params<float> / run_time_params_float, в архиве дробные;высокая;;
Параметры_станции;PAR_MAIN[*].P34;1;Параметры_станции.OBJECT1.PAR_MAIN[34].P34;—;нет данных;FLOAT;параметры объекта в контроллере — saved_params<float> / run_time_params_float, в архиве дробные;высокая;;
Параметры_станции;PAR_MAIN[*].P35;1;Параметры_станции.OBJECT1.PAR_MAIN[35].P35;—;нет данных;FLOAT;параметры объекта в контроллере — saved_params<float> / run_time_params_float, в архиве дробные;высокая;;
Редактируемый_рецепт_линии_N;REC_PAR[*];720;Редактируемый_рецепт_линии_1.OBJECT1.REC_PAR[59];—;нет данных;FLOAT;параметры объекта в контроллере — saved_params<float> / run_time_params_float, в архиве дробные;высокая;;
Статистика_линии_N;RT_PAR_F[*];108;Статистика_линии_4.OBJECT4.RT_PAR_F[130];—;9 кан., 80521 зап., 0 … 6418, есть дробные;FLOAT;параметры объекта в контроллере — saved_params<float> / run_time_params_float, в архиве дробные;высокая;;
Управляющие_каналы_линии_N;CMD;6;Управляющие_каналы_линии_4.OBJECT4.CMD;—;нет данных;INT32;save_device пишет %d, в архиве STATE −41…1, OPER 0…555 — целые;высокая;;
Управляющие_каналы_линии_N;CUR_PRG;6;Управляющие_каналы_линии_1.OBJECT1.CUR_PRG;—;нет данных;STRING;save_device пишет в кавычках (%s), в базе каналов флаг «Строковый» ошибочно 0;высокая;;
Управляющие_каналы_линии_N;CUR_REC;6;Управляющие_каналы_линии_4.OBJECT4.CUR_REC;—;нет данных;STRING;save_device пишет в кавычках (%s), в базе каналов флаг «Строковый» ошибочно 0;высокая;;
Управляющие_каналы_линии_N;LOADED_REC;6;Управляющие_каналы_линии_6.OBJECT6.LOADED_REC;—;нет данных;STRING;save_device пишет в кавычках (%s), в базе каналов флаг «Строковый» ошибочно 0;высокая;;
Управляющие_каналы_линии_N;OPER;6;Управляющие_каналы_линии_6.OBJECT6.OPER;—;3 кан., 2777 зап., 0 … 555, только целые, разных >40;INT32;save_device пишет %d, в архиве STATE −41…1, OPER 0…555 — целые;высокая;;
Управляющие_каналы_линии_N;PRG_LIST;6;Управляющие_каналы_линии_6.OBJECT6.PRG_LIST;—;нет данных;STRING;save_device пишет в кавычках (%s), в базе каналов флаг «Строковый» ошибочно 0;высокая;;
Управляющие_каналы_линии_N;REC_LIST;6;Управляющие_каналы_линии_5.OBJECT5.REC_LIST;—;нет данных;STRING;save_device пишет в кавычках (%s), в базе каналов флаг «Строковый» ошибочно 0;высокая;;
Управляющие_каналы_линии_N;STATE;6;Управляющие_каналы_линии_2.OBJECT2.STATE;—;3 кан., 778 зап., -41 … 1, только целые, разных 13;INT32;save_device пишет %d, в архиве STATE −41…1, OPER 0…555 — целые;высокая;;
